1,Tech Conference 2024,Annual tech conference showcasing latest innovations,2024-10-20,2024-10-22,"San Francisco, USA",3
2,Marketing Seminar,Marketing strategies for the digital age,2024-09-15,2024-09-15,"New York, USA",5
3,Leadership Workshop,Developing leadership skills for professionals,2024-11-05,2024-11-05,"London, UK",12
4,Startup Pitch Event,Opportunity for startups to pitch their ideas to investors,2024-12-01,2024-12-01,"San Francisco, USA",19
5,Health and Wellness Expo,Promoting health and wellness in the community,2024-09-30,2024-10-02,"Chicago, USA",22
6,Art Exhibition,Showcasing contemporary art by local artists,2024-11-10,2024-11-12,"Paris, France",25
7,Business Conference,Networking and learning opportunities for professionals,2024-10-08,2024-10-10,"Tokyo, Japan",3
8,Fashion Show,Featuring latest trends in fashion industry,2024-11-20,2024-11-20,"Milan, Italy",5
9,Music Festival,Celebrating music with live performances by renowned artists,2024-12-15,2024-12-17,"Los Angeles, USA",12
10,Educational Symposium,Sharing knowledge and insights in various fields of study,2024-09-25,2024-09-26,"Berlin, Germany",19
11,Food Expo,Showcasing culinary delights from around the world,2024-10-30,2024-11-01,Singapore,22
12,Film Festival,Screening independent films and documentaries,2024-11-25,2024-11-27,"Toronto, Canada",25
13,Technology Expo,Exhibition of cutting-edge technology products and services,2025-03-15,2025-03-17,"Berlin, Germany",3
14,Digital Marketing Conference,Insights and strategies for digital marketing success,2025-05-10,2025-05-12,"London, UK",5
15,Finance Summit,Discussions on finance trends and investment strategies,2025-06-20,2025-06-22,"New York, USA",12
16,Artificial Intelligence Symposium,Exploring the latest advancements in AI technology,2025-08-05,2025-08-07,"San Francisco, USA",19
17,Green Energy Expo,Promoting sustainable energy solutions for a greener future,2025-09-15,2025-09-17,"Tokyo, Japan",22
18,International Design Week,Celebrating creativity and innovation in design,2025-10-20,2025-10-22,"Milan, Italy",25
19,Entrepreneurship Summit,Empowering entrepreneurs with knowledge and resources,2025-11-10,2025-11-12,Singapore,3
20,Digital Art Exhibition,Showcasing digital art forms and interactive installations,2025-12-01,2025-12-03,"Paris, France",5
21,Global Health Forum,Addressing global health challenges and solutions,2026-02-15,2026-02-17,"Berlin, Germany",12
22,Tech Startup Showcase,Highlighting innovative startups and disruptive technologies,2026-04-10,2026-04-12,"San Francisco, USA",19
23,Fashion Design Competition,Competition for emerging fashion designers,2026-06-20,2026-06-22,"London, UK",22
24,International Food Festival,Culinary journey featuring cuisines from around the world,2026-08-15,2026-08-17,"New York, USA",25
25,Global Music Expo,Celebrating diversity in music with performances from different cultures,2026-09-30,2026-10-02,"Tokyo, Japan",3
26,Leadership Summit,Inspiring and developing leaders for a changing world,2026-10-30,2026-11-01,"Berlin, Germany",5
27,E-commerce Conference,Insights and strategies for success in the e-commerce industry,2026-11-25,2026-11-27,Singapore,12
28,Travel and Tourism Expo,Showcasing destinations and travel experiences,2027-01-10,2027-01-12,"Paris, France",19
29,Social Media Marketing Workshop,Practical tips and tactics for effective social media marketing,2027-03-20,2027-03-22,"New York, USA",22
30,Virtual Reality Symposium,Exploring the applications and potential of virtual reality technology,2027-05-15,2027-05-17,"San Francisco, USA",25
31,Renewable Energy Conference,Advancing the adoption of renewable energy solutions,2027-07-10,2027-07-12,"Berlin, Germany",3
32,Fashion Industry Forum,Discussions on trends and challenges in the fashion industry,2027-08-30,2027-09-01,"London, UK",5
33,Medical Innovation Expo,Showcasing innovations in healthcare technology and practices,2027-10-20,2027-10-22,"New York, USA",12
34,Artificial Intelligence Conference,In-depth exploration of AI research and applications,2027-11-15,2027-11-17,"San Francisco, USA",19
35,Smart Cities Symposium,Discussing technologies for building sustainable and efficient cities,2028-01-10,2028-01-12,"Tokyo, Japan",22
36,Digital Transformation Summit,Strategies for leveraging digital technologies for business growth,2028-03-20,2028-03-22,"Berlin, Germany",25
37,Global Innovation Expo,Showcasing breakthrough innovations from around the world,2028-05-15,2028-05-17,"New York, USA",3
38,Entrepreneurship Bootcamp,Intensive training and mentoring for aspiring entrepreneurs,2028-07-10,2028-07-12,"London, UK",5
39,AI Ethics Symposium,Exploring ethical considerations in the development and use of AI,2028-09-20,2028-09-22,"San Francisco, USA",12
40,Healthcare Technology Summit,Advancing healthcare through technology innovation,2028-11-15,2028-11-17,"Tokyo, Japan",19
